type,Grik1,Vsx1,Meis2,Grm6,Lrrtm1,Wls,Cpne9,Igfn1,Prkca,Slitrk5,Chrm2,Col11a1,Erbb4,Pcdh17,Neto1,Vsx2
1,0,0,0,0,0,0,0,0,0,0,0,0,0,1,0,1
2,0,0,0,0,0,1,0,0,0,0,0,0,0,0,0,1
3,1,1,0,0,0,0,0,0,0,0,1,0,0,0,1,1
4,1,0,0,0,0,0,0,0,0,0,0,0,1,0,0,1
5,1,0,1,0,0,0,0,0,0,0,0,0,0,0,0,1
6,1,0,0,0,0,0,0,0,0,0,0,1,0,0,0,1
7,0,0,1,1,0,0,0,0,0,0,0,0,0,0,0,1
8,0,0,0,1,0,0,0,0,0,0,1,0,0,0,0,1
9,0,0,0,1,0,0,0,0,0,1,0,0,0,0,0,1
10,0,0,1,0,1,0,0,0,0,0,0,0,0,0,0,1
11,0,1,0,1,0,0,0,0,0,0,0,0,0,0,0,1
12,0,1,0,1,0,0,0,1,0,0,0,0,0,0,0,1
13,0,0,0,1,0,1,0,0,0,0,0,0,0,0,0,1
14,0,0,0,1,0,0,1,0,0,0,0,0,0,0,0,1
15,0,0,0,1,0,0,0,0,1,0,0,0,0,0,0,1
16,0,0,0,0,0,0,0,0,0,0,0,0,0,0,0,1